<?xml version="1.0" encoding="utf-8"?>
<!DOCTYPE hibernate-configuration PUBLIC
        "-//Hibernate/Hibernate Configuration DTD 3.0//EN"
        "http://hibernate.sourceforge.net/hibernate-configuration-3.0.dtd">

<hibernate-configuration>
    <session-factory>
        <property name="hibernate.connection.driver_class">com.mysql.jdbc.Driver</property>
        <property name="hibernate.connection.password">root</property>
        <property name="hibernate.connection.url">jdbc:mysql://localhost:3306/toeiconline?autoReconnect=true&amp;characterEncoding=utf-8&amp;useUnicode=true&amp;connectionCollation=utf8_unicode_ci&amp;characterSetResults=utf8</property>
        <property name="hibernate.connection.username">root</property>
        <property name="hibernate.dialect">org.hibernate.dialect.MySQLDialect</property>
        <property name="show_sql">true</property>

        <mapping class="vn.sinbad.core.persistence.entity.User"/>
        <mapping class="vn.sinbad.core.persistence.entity.Role"/>
        <mapping class="vn.sinbad.core.persistence.entity.Comment"/>
        <mapping class="vn.sinbad.core.persistence.entity.ListenGuideLine"/>


    </session-factory>
</hibernate-configuration>